id,phone,employee_id
1,189-27-9875,864
2,471-52-3751,744
3,398-63-8045,758
4,451-44-2041,492
5,599-42-1671,53
6,176-21-0251,454
7,219-89-2705,768
8,437-34-8828,818
9,528-56-4954,648
10,517-17-8976,215
11,659-73-7339,350
12,599-52-9624,757
13,407-50-5560,415
14,121-29-0157,688
15,165-33-0702,247
16,575-48-0060,616
17,622-44-1724,409
18,774-97-6715,257
19,313-27-0070,463
20,796-91-2233,887
21,694-57-2480,545
22,144-69-0146,786
23,596-17-4916,559
24,325-11-5814,586
25,500-63-1343,546
26,283-49-4819,971
27,538-47-5355,966
28,851-23-1451,855
29,749-36-1380,364
30,301-82-5110,990
31,713-54-7375,679
32,669-93-7518,184
33,382-98-8505,288
34,332-87-8364,104
35,251-62-2163,600
36,750-05-1057,279
37,717-61-4463,168
38,411-11-9538,400
39,256-68-9909,52
40,234-18-9243,431
41,530-81-6717,380
42,786-32-4090,810
43,884-91-7562,348
44,481-55-3657,732
45,869-44-4494,722
46,153-61-2074,16
47,496-81-9483,166
48,313-10-5479,972
49,560-23-2439,908
50,848-16-9789,346
51,724-56-6484,293
52,697-58-2756,715
53,658-87-9776,827
54,167-39-7542,369
55,781-71-0086,765
56,455-67-5907,805
57,482-35-3011,491
58,639-05-7446,351
59,701-21-0086,987
60,612-81-4918,493
61,453-01-3482,540
62,124-60-8961,563
63,570-47-5391,155
64,632-99-5361,392
65,778-19-7977,191
66,109-32-9871,872
67,274-20-7747,285
68,650-48-0054,910
69,883-94-5941,370
70,399-39-0433,942
71,408-34-5133,763
72,489-96-3690,192
73,792-50-3679,307
74,174-42-8406,880
75,407-95-9686,345
76,239-53-6096,931
77,329-11-9669,31
78,393-06-0113,197
79,551-51-9951,824
80,400-65-9098,482
81,641-50-5272,407
82,439-42-8500,771
83,418-65-6289,557
84,846-70-5660,799
85,845-58-9311,608
86,457-62-1135,653
87,378-61-8623,683
88,300-39-1884,741
89,244-52-4120,624
90,216-71-2363,702
91,552-55-0342,860
92,248-98-7094,272
93,763-29-4906,312
94,474-31-1184,978
95,808-82-9799,167
96,401-55-9044,363
97,314-31-4872,354
98,274-55-3506,597
99,665-88-0470,607
100,352-28-4089,65
101,429-47-7475,71
102,277-34-3292,426
103,151-01-9113,173
104,773-60-3736,34
105,492-63-2530,848
106,735-21-3075,331
107,765-93-2298,339
108,755-25-2506,898
109,667-14-5354,710
110,842-16-8727,462
111,222-86-9019,775
112,191-47-8482,58
113,377-02-5022,358
114,437-09-3090,461
115,122-08-8306,749
116,600-54-2092,528
117,425-21-6765,901
118,672-10-6148,939
119,893-20-9734,632
120,581-30-3770,752
121,726-55-1166,671
122,603-35-5019,552
123,786-79-9777,694
124,249-15-3182,303
125,602-18-6881,689
126,392-23-5634,333
127,287-43-4763,249
128,631-28-6618,787
129,655-08-0705,283
130,226-89-0727,410
131,300-63-3862,480
132,591-42-5515,413
133,599-69-5924,81
134,668-27-1882,952
135,834-05-4154,88
136,854-26-4141,329
137,661-74-6600,588
138,567-40-5698,109
139,682-11-1830,304
140,520-23-8739,82
141,662-99-8933,70
142,788-57-6632,762
143,618-05-2248,876
144,530-24-7175,996
145,390-50-0930,211
146,409-89-1895,730
147,424-44-3283,782
148,366-35-9950,62
149,109-94-2760,319
150,178-94-6124,832
151,251-19-8656,803
152,499-94-7847,668
153,742-12-4411,928
154,634-73-2782,150
155,832-93-1933,995
156,715-94-7993,882
157,493-79-2125,844
158,149-56-5954,541
159,702-66-3520,745
160,244-34-1682,464
161,670-04-0539,395
162,126-46-3639,913
163,596-04-8957,527
164,741-29-3123,241
165,671-69-7422,728
166,695-56-9639,924
167,192-06-9552,950
168,418-44-4730,706
169,641-62-7101,4
170,543-83-8133,502
171,536-65-7336,797
172,439-84-9645,962
173,233-77-9173,497
174,267-28-0998,120
175,307-13-3275,957
176,801-47-2843,428
177,714-53-2187,837
178,790-70-9141,708
179,456-79-6642,899
180,884-60-5513,538
181,812-96-3437,290
182,280-31-2627,690
183,472-56-0628,382
184,848-89-1767,598
185,857-65-4175,858
186,251-88-6760,703
187,823-89-8491,315
188,784-38-0964,533
189,500-82-5396,907
190,739-90-5202,795
191,113-62-5393,556
192,625-93-7689,778
193,443-12-0956,719
194,550-61-4632,509
195,786-30-4648,542
196,610-46-2032,902
197,831-60-6281,584
198,594-53-0539,376
199,855-04-3817,735
200,147-96-1197,110
201,870-37-3452,47
202,521-39-2392,884
203,241-56-0763,751
204,587-44-8481,232
205,733-42-0220,316
206,494-75-2934,268
207,798-18-0370,770
208,466-78-6509,235
209,700-98-1072,734
210,344-45-2127,756
211,890-42-8580,209
212,321-94-7912,24
213,453-32-1715,340
214,759-03-4363,625
215,289-76-1688,375
216,235-17-4954,387
217,123-63-8985,352
218,705-86-3606,164
219,616-23-0862,573
220,302-62-5301,305
221,516-08-0492,670
222,468-66-7416,103
223,290-94-1230,766
224,141-85-2323,609
225,435-96-4014,217
226,807-36-5331,675
227,637-88-2190,12
228,459-97-9803,9
229,673-41-4939,813
230,209-76-8115,575
231,268-53-3690,152
232,643-51-7750,724
233,706-44-4332,543
234,790-36-8884,148
235,131-06-5522,208
236,389-10-8666,636
237,733-71-6290,401
238,248-98-1481,651
239,677-94-6917,473
240,835-02-0062,713
241,585-97-1744,366
242,580-30-9726,73
243,579-23-4409,909
244,263-21-0895,867
245,533-75-8523,637
246,338-07-5983,800
247,444-10-0871,214
248,427-25-9684,252
249,304-94-5292,128
250,720-74-3313,698
251,616-34-8617,576
252,256-83-7116,21
253,575-41-2289,769
254,261-96-1411,83
255,673-11-0841,537
256,441-89-8226,916
257,168-29-3033,856
258,465-83-8782,100
259,151-19-4955,959
260,739-60-9292,846
261,871-02-1190,472
262,228-84-4141,569
263,199-84-1012,549
264,468-98-4879,44
265,671-91-4317,399
266,610-95-9814,969
267,794-66-3488,859
268,207-48-9935,419
269,765-93-1280,432
270,392-62-0982,801
271,829-66-0474,802
272,785-38-2282,949
273,124-90-6156,425
274,407-81-9180,144
275,246-43-1891,748
276,285-40-2750,243
277,291-59-3670,177
278,805-73-8324,526
279,394-07-9376,510
280,164-10-6058,862
281,494-83-7000,944
282,609-91-6452,287
283,771-06-4645,15
284,430-21-5767,754
285,190-91-6386,731
286,239-73-6399,93
287,458-65-9470,834
288,804-92-0779,250
289,569-72-6290,86
290,442-12-6627,780
291,497-07-5038,589
292,348-07-8671,591
293,440-45-7431,626
294,516-64-5521,204
295,504-47-6359,504
296,300-47-3163,377
297,897-85-5381,180
298,457-14-6817,255
299,371-86-3021,373
300,457-64-5843,503
301,646-58-4467,555
302,730-96-6837,945
303,205-62-9105,911
304,731-89-0954,946
305,628-89-0853,443
306,671-09-8498,29
307,592-28-5412,394
308,203-58-6621,918
309,872-63-4227,271
310,491-03-1781,277
311,178-85-0898,37
312,319-63-0824,687
313,452-99-9466,506
314,434-72-3304,334
315,199-42-5941,903
316,152-27-9565,254
317,586-94-4705,580
318,156-38-7886,218
319,489-04-5795,742
320,464-91-6140,979
321,790-21-2541,788
322,457-01-6755,455
323,492-47-6709,132
324,475-75-2496,178
325,705-37-4861,122
326,651-57-0104,240
327,106-83-5564,523
328,425-86-4040,738
329,699-09-6099,378
330,669-73-1691,481
331,362-63-3268,273
332,713-05-4626,667
333,859-58-3307,231
334,728-59-2641,67
335,216-14-1044,583
336,119-52-8562,384
337,509-83-7543,829
338,139-39-8663,753
339,875-84-9875,544
340,854-10-1458,940
341,362-44-5760,714
342,671-19-6951,188
343,218-64-0108,659
344,372-13-4428,530
345,269-42-4492,84
346,115-22-0516,953
347,202-53-3368,404
348,125-13-3913,736
349,286-77-2969,991
350,184-59-9602,630
351,484-80-8615,661
352,760-42-6331,360
353,386-14-7452,727
354,730-26-5418,27
355,170-37-7527,970
356,573-27-2116,253
357,880-74-6641,298
358,321-67-7558,309
359,784-83-6228,686
360,842-92-2475,374
361,691-50-5365,7
362,447-30-2773,270
363,350-62-6080,308
364,790-64-7271,159
365,839-06-9515,638
366,494-62-7417,422
367,487-29-9167,865
368,752-64-5564,919
369,830-10-7797,984
370,233-40-6403,149
371,490-58-3411,656
372,408-37-1101,574
373,442-68-3706,357
374,468-33-1346,35
375,763-37-6112,175
376,483-38-3854,571
377,688-87-3977,26
378,863-89-9319,311
379,309-24-2784,929
380,501-64-3353,22
381,867-19-1682,265
382,246-06-0712,55
383,468-22-8231,342
384,859-18-9807,19
385,296-07-1842,2
386,239-58-9125,412
387,160-35-2562,143
388,598-08-9327,440
389,337-17-3744,121
390,705-76-3228,777
391,531-07-4950,835
392,358-19-6855,888
393,482-61-6556,308
394,324-89-4361,227
395,831-11-1516,963
396,596-28-5220,993
397,384-01-7551,245
398,535-02-0510,768
399,344-78-3111,307
400,794-33-8643,574
401,839-49-2135,382
402,390-63-7619,331
403,619-28-5928,233
404,872-30-3112,48
405,891-41-1645,381
406,583-45-7841,726
407,155-08-7184,330
408,444-24-6028,761
409,654-11-0442,118
410,784-32-9195,954
411,427-20-4256,484
412,198-94-5804,269
413,709-26-7689,526
414,164-98-9534,341
415,362-05-2762,937
416,884-70-3659,746
417,747-24-3939,454
418,684-01-1823,294
419,742-45-9202,342
420,174-91-0011,271
421,212-78-2819,550
422,115-22-4844,26
423,896-76-6001,218
424,603-08-1291,560
425,736-45-0732,777
426,121-11-3573,18
427,663-18-4878,505
428,667-86-7788,17
429,179-12-4159,145
430,748-28-8171,418
431,493-53-9821,470
432,841-91-4417,549
433,789-08-0549,741
434,762-85-7805,161
435,369-03-1842,244
436,290-76-9348,767
437,610-95-4490,295
438,128-11-9336,191
439,220-88-7864,641
440,753-90-9770,643
441,455-89-5902,770
442,182-95-3547,627
443,126-54-3327,908
444,333-66-9124,817
445,191-16-7994,7
446,575-69-3310,247
447,768-71-1258,595
448,289-41-0777,174
449,806-15-8021,915
450,731-47-1209,909
451,309-51-7421,242
452,774-99-7704,801
453,536-20-7319,618
454,400-38-6020,392
455,531-68-4725,653
456,758-53-4423,56
457,459-16-1404,263
458,371-22-3364,372
459,823-41-7538,60
460,727-46-2092,900
461,328-27-4599,589
462,537-26-8814,349
463,689-94-6343,778
464,782-32-9493,544
465,759-09-2754,668
466,745-59-3324,971
467,464-94-2982,858
468,596-71-7169,338
469,867-31-6597,933
470,733-38-4833,666
471,493-26-6353,296
472,276-61-2814,142
473,171-26-3144,347
474,114-09-5740,212
475,763-07-8931,611
476,743-61-7999,383
477,824-79-4580,577
478,256-16-8415,459
479,277-40-2319,580
480,441-88-6421,77
481,201-79-6663,380
482,363-79-9435,316
483,813-81-7561,762
484,729-95-3442,183
485,347-13-2425,446
486,765-81-9523,772
487,781-01-5035,461
488,192-93-8745,972
489,113-43-8318,337
490,469-39-0004,485
491,583-94-0499,473
492,462-53-0358,599
493,756-41-9766,425
494,597-43-5453,665
495,325-19-3584,408
496,162-86-0638,899
497,338-65-9291,735
498,475-89-3714,832
499,808-03-0202,201
500,732-40-1502,417
501,162-26-0353,8
502,254-70-1269,884
503,553-24-9115,805
504,165-92-2525,725
505,191-02-5762,737
506,166-71-6696,112
507,595-48-1880,87
508,360-43-5891,802
509,857-52-5010,238
510,516-87-9310,916
511,503-37-8618,315
512,299-25-6877,561
513,342-25-5988,925
514,653-21-9705,509
515,149-20-9180,782
516,771-71-5410,207
517,453-13-6124,325
518,592-62-4064,311
519,706-78-2581,6
520,406-34-7954,147
521,440-64-2564,849
522,281-02-7010,614
523,676-33-8930,116
524,567-12-6682,874
525,476-55-7550,605
526,424-45-1889,711
527,485-45-5793,757
528,899-74-4943,846
529,458-68-1059,80
530,660-16-4672,369
531,574-16-7030,890
532,772-22-3845,897
533,742-57-6189,818
534,704-39-6403,299
535,156-10-2721,997
536,629-58-2777,81
537,251-62-2843,502
538,896-25-5538,766
539,842-39-4167,720
540,217-04-6942,198
541,471-32-8697,185
542,508-13-1562,151
543,313-33-9726,984
544,472-02-7362,839
545,492-75-4123,73
546,245-83-9467,146
547,857-21-3855,650
548,582-66-9000,83
549,291-55-1300,823
550,806-85-7653,843
551,485-98-6313,688
552,757-60-1664,585
553,738-53-6513,587
554,796-92-7746,319
555,590-25-2943,85
556,896-72-2227,217
557,555-95-9918,203
558,718-07-7060,907
559,517-96-6142,390
560,774-68-2160,15
561,255-22-0535,91
562,672-47-0315,985
563,895-09-7810,102
564,169-57-4975,107
565,811-03-2045,705
566,165-99-3387,745
567,224-42-9064,462
568,720-43-8340,970
569,781-07-9989,864
570,801-28-1188,673
571,754-23-8621,742
572,504-64-3548,787
573,664-24-2845,553
574,819-17-4809,109
575,188-35-9900,52
576,562-33-0856,1
577,682-16-1627,683
578,893-07-5868,868
579,218-33-6085,421
580,338-66-2107,562
581,600-59-5435,503
582,206-30-7397,516
583,364-19-3529,324
584,303-14-5753,393
585,293-57-5674,135
586,290-73-5922,387
587,161-71-6644,113
588,814-65-4660,264
589,407-96-2159,844
590,302-53-1020,582
591,556-08-6099,465
592,733-70-4458,644
593,179-78-7887,961
594,408-26-1417,88
595,346-02-8867,601
596,827-84-9797,149
597,371-66-2233,422
598,825-63-9171,845
599,850-17-5269,138
600,478-39-5158,994
601,665-74-5022,648
602,831-42-9156,983
603,141-09-2408,664
604,553-39-9357,162
605,613-08-6414,926
606,303-85-7105,231
607,394-99-7777,974
608,760-66-4722,723
609,872-76-9554,950
610,462-07-0696,153
611,870-88-4613,687
612,492-58-4615,977
613,805-40-9085,216
614,148-79-2960,945
615,722-43-5451,412
616,694-43-6669,450
617,315-30-5628,410
618,311-99-9408,815
619,254-44-1269,816
620,554-86-1704,615
621,881-70-1480,607
622,366-10-5122,435
623,492-27-2562,699
624,716-01-2346,682
625,620-92-1986,368
626,776-13-5137,40
627,498-40-9405,336
628,158-69-7804,797
629,126-53-5818,354
630,191-88-9696,566
631,698-89-2088,287
632,680-40-7454,139
633,730-07-7998,751
634,810-06-7017,1000
635,851-16-9819,385
636,387-56-3664,275
637,852-85-9010,37
638,425-05-7691,322
639,493-47-3101,986
640,270-21-7655,597
641,238-52-4692,460
642,386-47-0045,439
643,104-76-1783,596
644,234-22-2047,193
645,495-70-0195,285
646,519-44-9343,288
647,256-01-9201,590
648,661-81-7972,25
649,639-38-5996,803
650,222-08-4021,518
651,857-68-7609,479
652,624-84-5858,829
653,816-11-5908,717
654,571-35-3035,36
655,455-67-9111,364
656,456-06-5174,527
657,796-75-3717,716
658,352-39-2496,333
659,382-12-2571,513
660,702-64-8675,684
661,791-38-7249,689
662,225-42-4926,659
663,680-25-6000,538
664,121-52-9774,978
665,596-77-8580,563
666,842-21-7171,918
667,622-36-5021,617
668,674-39-2019,656
669,186-61-3703,243
670,645-71-3664,876
671,312-97-8780,934
672,318-93-3292,833
673,476-68-1368,318
674,171-11-9821,126
675,437-59-6469,691
676,301-13-3730,89
677,888-16-2139,208
678,408-82-9931,184
679,121-48-9839,373
680,277-67-2528,642
681,337-81-7180,59
682,660-80-8506,39
683,437-04-6751,674
684,346-89-9289,632
685,430-98-8893,249
686,279-72-1334,616
687,753-10-6018,488
688,868-73-9126,949
689,561-05-4744,130
690,117-57-7629,427
691,132-53-5885,571
692,577-78-0346,955
693,136-41-0066,53
694,853-81-6893,775
695,243-13-9028,309
696,534-34-8837,840
697,355-14-0356,830
698,825-44-2530,272
699,109-29-0163,631
700,839-49-4254,93
701,836-72-5699,554
702,387-80-2194,22
703,838-24-3569,733
704,431-20-0914,19
705,858-59-7633,888
706,370-63-7615,444
707,289-20-5812,211
708,490-20-2896,657
709,368-21-4063,501
710,880-92-9898,489
711,451-65-8779,152
712,612-47-8061,14
713,455-24-5417,827
714,834-80-0942,345
715,472-84-6692,540
716,508-52-2068,904
717,343-19-3346,572
718,118-97-0533,312
719,363-69-8427,744
720,533-37-1966,279
721,533-46-1195,841
722,429-05-9766,301
723,720-45-4500,50
724,689-31-7727,189
725,665-30-9957,788
726,770-28-6209,428
727,775-75-8583,851
728,543-47-8219,654
729,729-85-8181,731
730,874-49-5581,237
731,866-19-1274,870
732,466-58-3274,698
733,685-64-5588,352
734,738-10-9439,78
735,569-36-4425,755
736,153-83-8694,838
737,895-95-6964,195
738,381-63-3194,304
739,671-09-8237,394
740,810-19-6482,155
741,835-90-6747,105
742,828-60-6775,658
743,683-43-8699,901
744,540-62-1106,141
745,401-71-2574,898
746,584-63-5400,875
747,288-85-6400,848
748,248-93-1694,559
749,172-16-0144,305
750,370-11-8963,995
751,457-16-5306,92
752,285-77-2541,894
753,301-31-7411,798
754,570-95-7489,967
755,254-75-8749,339
756,696-22-7981,504
757,518-37-4938,291
758,597-97-6194,66
759,496-81-2472,391
760,140-53-9942,366
761,501-05-8850,671
762,299-30-9341,906
763,327-40-5885,530
764,260-56-4243,171
765,626-28-5437,361
766,484-81-6645,690
767,859-37-2306,353
768,191-23-5348,697
769,724-16-3238,583
770,491-03-9260,565
771,291-80-6892,702
772,194-47-4003,543
773,712-45-4809,919
774,264-52-8758,483
775,379-25-9317,748
776,894-37-7896,190
777,182-85-2038,175
778,817-82-2534,358
779,574-27-3179,771
780,206-80-6460,663
781,799-03-3399,355
782,209-98-5871,519
783,562-67-2216,225
784,188-79-7573,28
785,124-14-1281,182
786,677-58-3179,401
787,409-76-0919,251
788,815-58-5215,941
789,782-74-4039,487
790,681-92-7954,542
791,702-95-2278,360
792,804-49-4051,424
793,296-35-6578,270
794,236-39-1414,372
795,837-74-5497,393
796,407-91-8435,103
797,112-26-2523,953
798,300-51-9664,253
799,400-15-3468,338
800,294-83-1763,185
801,584-61-2789,318
802,587-88-9741,290
803,453-36-7752,335
804,748-94-5370,375
805,468-49-7915,445
806,836-62-4849,294
807,417-11-2150,963
808,503-82-2185,55
809,191-27-4795,353
810,731-01-1320,582
811,496-74-2485,81
812,624-70-1692,327
813,684-66-3485,759
814,737-10-6386,357
815,865-38-4827,702
816,438-14-8197,472
817,860-20-2920,489
818,283-31-1349,579
819,510-38-1891,345
820,797-57-6866,382
821,168-15-7816,690
822,309-10-4258,711
823,175-18-6364,373
824,690-03-1271,704
825,769-23-4152,250
826,146-03-2412,408
827,743-85-2932,104
828,637-58-6161,797
829,642-35-0398,74
830,541-86-4642,266
831,751-56-8867,388
832,548-85-6898,32
833,525-38-3967,660
834,684-54-8795,359
835,221-57-6226,476
836,578-27-5781,509
837,530-08-5328,202
838,508-71-2926,328
839,801-15-7821,806
840,854-32-6122,115
841,188-97-6452,59
842,393-76-0974,728
843,154-93-2968,568
844,753-52-6010,696
845,176-04-3190,369
846,337-88-7733,228
847,283-85-8042,217
848,124-67-8133,368
849,467-59-8033,726
850,785-09-1524,633
851,869-40-4916,135
852,470-63-9243,76
853,376-73-2867,269
854,488-31-9857,776
855,526-95-7297,682
856,499-13-2136,603
857,437-34-1154,802
858,577-45-5865,918
859,741-78-3946,872
860,735-58-2985,155
861,830-37-1193,880
862,229-91-1063,493
863,764-87-4744,982
864,469-08-9611,188
865,548-18-7404,856
866,532-03-7689,720
867,630-41-8005,326
868,348-35-3798,844
869,350-88-4286,871
870,165-87-7004,731
871,258-01-9622,601
872,202-18-0816,700
873,870-97-3414,161
874,627-90-6174,927
875,530-26-2868,849
876,202-56-8822,49
877,339-37-3999,412
878,856-93-0241,150
879,296-42-5616,795
880,830-63-9317,133
881,490-70-9177,712
882,114-58-8041,113
883,863-61-9388,649
884,132-43-3770,268
885,766-03-1819,904
886,685-78-0052,833
887,542-34-7176,729
888,403-02-0305,344
889,761-35-0728,556
890,690-20-3841,148
891,727-66-5203,667
892,296-11-5051,378
893,217-22-6714,4
894,342-95-7594,276
895,517-85-3430,224
896,342-74-3588,183
897,603-25-9476,732
898,689-33-9349,901
899,843-65-1880,853
900,844-08-6483,255
901,269-75-8986,884
902,543-78-6103,882
903,589-86-6460,586
904,368-40-2726,358
905,321-99-9837,448
906,218-78-3950,180
907,158-09-6055,604
908,449-07-1072,114
909,668-08-9187,761
910,784-25-6922,539
911,647-55-7698,304
912,693-12-0056,850
913,614-53-3081,870
914,877-63-3599,683
915,527-30-7233,906
916,571-03-6246,340
917,229-63-5555,175
918,837-16-0464,908
919,714-04-9682,550
920,219-41-4101,578
921,818-73-4713,589
922,567-89-1646,962
923,438-23-3224,376
924,453-16-8246,352
925,263-60-8236,92
926,486-85-5446,288
927,624-91-2891,830
928,380-56-9342,137
929,170-92-6366,17
930,659-74-0302,125
931,157-60-7235,817
932,514-69-4142,828
933,217-75-1313,12
934,347-13-7179,9
935,588-05-3871,919
936,189-47-4740,867
937,309-59-7718,16
938,172-22-2826,775
939,151-09-4150,839
940,568-47-0567,13
941,337-95-5078,470
942,264-88-4480,374
943,157-05-8982,331
944,788-41-9081,836
945,813-38-1915,184
946,436-85-1224,740
947,662-14-3506,892
948,653-50-0006,212
949,899-19-0189,208
950,870-43-5295,612
951,755-16-0403,941
952,819-32-7480,61
953,269-98-8980,664
954,583-67-4292,907
955,697-11-1648,939
956,568-16-2648,281
957,561-92-5377,640
958,634-42-2019,891
959,265-30-3858,90
960,545-41-1958,772
961,699-03-6986,356
962,676-77-0597,165
963,849-29-7259,65
964,554-33-2450,34
965,299-99-6800,617
966,723-05-6155,58
967,850-48-7410,837
968,558-77-6108,890
969,388-42-8076,383
970,293-51-3954,943
971,507-38-8305,538
972,215-57-6476,116
973,599-44-5104,405
974,121-33-4124,573
975,336-40-7684,138
976,487-84-8040,535
977,295-62-2131,851
978,246-25-5411,39
979,409-02-2225,866
980,869-30-7227,381
981,584-84-3134,193
982,361-59-3853,747
983,478-20-3567,186
984,525-11-7506,259
985,871-82-9873,791
986,170-19-9594,499
987,638-87-8385,68
988,144-34-0218,765
989,497-13-8285,454
990,781-45-6275,497
991,775-25-7522,581
992,807-53-4197,5
993,116-57-2237,109
994,622-86-1180,140
995,184-36-7079,968
996,386-52-9704,619
997,630-26-0984,400
998,770-57-8453,427
999,867-64-0143,423
1000,264-91-8499,631
